loss,sparse_categorical_accuracy,val_loss,val_sparse_categorical_accuracy,val_bleu1,val_bleu2,val_bleu3,val_bleu4
1.348432183265686,0.7550109624862671,1.286108136177063,0.7543041706085205,0.3678052601337821,0.23972539229676867,0.13449162948139376,0.08698485362708536
1.1397466659545898,0.7736515998840332,1.216048240661621,0.7614206075668335,0.3758459909237916,0.24916146319521154,0.146152669544906,0.09549051899573927
1.080176591873169,0.779873788356781,1.1947070360183716,0.7636076211929321,0.35918068569048545,0.23614748975586733,0.13032044966176146,0.07921726235710139
1.0420485734939575,0.7843213677406311,1.1854541301727295,0.7644009590148926,0.37388362764574823,0.23369939106305637,0.10916684217606552,0.05267206835587776
1.0133923292160034,0.7878941297531128,1.1756222248077393,0.7660108208656311,0.3880965721134701,0.260670467069283,0.15321813894778927,0.09887629062234884
